1726728036.200055,Unusual Phobias You Won't Believe Exist,Write a script on 3 Unusual Phobias You Won't Believe Exist for a short video. No need into in scene the narration should be in longer size. don't include coma in image_prompt and search_key,1726728036.200055_unusual_phobias_you_won't_believe_exist
1726728483.041998,Weird Laws from Around the World,Write a script on 3 Weird Laws from Around the World for a short video. No need into in scene. don't include coma in image_prompt and search_key,1726728483.041998_weird_laws_from_around_the_world
1726751362.099744,Surprising Brain Facts,Write a script on 3 Surprising Brain Facts for a short video. No need into in scene. don't include coma in image_prompt and search_key,1726751362.099744_surprising_brain_facts
1726751576.448298,Unsolved Mysteries in Science,Write a script on 3 Unsolved Mysteries in Science for a short video. No need into in scene. don't include coma in image_prompt and search_key,1726751576.448298_unsolved_mysteries_in_science
1726751587.873522,Unusual Weather Phenomena,Write a script on 3 Unusual Weather Phenomena for a short video. No need into in scene. don't include coma in image_prompt and search_key,1726751587.873522_unusual_weather_phenomena
1726763635.884705,The Most Expensive Things in the World,Write a script on 3 The Most Expensive Things in the World for a short video. No need into in scene. don't include coma in image_prompt and search_key,1726763635.884705_the_most_expensive_things_in_the_world
1726802504.791,Mind-Boggling Optical Illusions,Write a script on 3 Mind-Boggling Optical Illusions for a short video. No need into in scene. don't include coma in image_prompt and search_key,1726802504.791_mind-boggling_optical_illusions
1726843377.958283,Facts About the Ocean,Write a script on 3 Facts About the Ocean for a short video. No need into in scene. don't include coma in image_prompt and search_key,1726843377.958283_facts_about_the_ocean
1726843398.158464,Facts About Life in Extreme Climates,Write a script on 3 Facts About Life in Extreme Climates for a short video. No need into in scene. don't include coma in image_prompt and search_key,1726843398.158464_facts_about_life_in_extreme_climates
1726843956.961101,Myths vs. Facts: Common Misconceptions,Write a script on 3 Myths vs. Facts: Common Misconceptions for a short video. No need into in scene. don't include coma in image_prompt and search_key,1726843956.961101_myths_vs_facts_common_misconceptions
1726846203.761875,Shocking Climate Change Statistics,Write a script on 3 Shocking Climate Change Statistics for a short video. No need into in scene. don't include coma in image_prompt and search_key,1726846203.761875_shocking_climate_change_statistics
1726846595.762976,Shocking Climate Change Statistics,Write a script on 3 Shocking Climate Change Statistics for a short video. No need into in scene. don't include coma in image_prompt and search_key,1726846595.762976_shocking_climate_change_statistics
1726847042.307685,Strange Traditions from Different Cultures,Write a script on 3 Strange Traditions from Different Cultures for a short video. No need into in scene. don't include coma in image_prompt and search_key,1726847042.307685_strange_traditions_from_different_cultures
1726847320.08193,Surprising Benefits of Meditation,Write a script on 3 Surprising Benefits of Meditation for a short video. No need into in scene. don't include coma in image_prompt and search_key,1726847320.08193_surprising_benefits_of_meditation
1726847546.944597,The Science of Happiness,Write a script on 3 The Science of Happiness for a short video. No need into in scene. don't include coma in image_prompt and search_key,1726847546.944597_the_science_of_happiness
1726848030.738393,Rare Diseases You Might Not Have Heard Of,Write a script on 3 Rare Diseases You Might Not Have Heard Of for a short video. No need into in scene. don't include coma in image_prompt and search_key,1726848030.738393_rare_diseases_you_might_not_have_heard_of
1726980333.004354,Fascinating Human Body Facts,Write a script on 3 Fascinating Human Body Facts for a short video. No need into in scene. don't include coma in image_prompt and search_key,1726980333.004354_fascinating_human_body_facts
1726980379.626678,Bizarre Inventions That Actually Work,Write a script on 3 Bizarre Inventions That Actually Work for a short video. No need into in scene. don't include coma in image_prompt and search_key,1726980379.626678_bizarre_inventions_that_actually_work
1726980862.243954,Unusual Weather Phenomena,Write a script on 3 Unusual Weather Phenomena for a short video. No need into in scene. don't include coma in image_prompt and search_key,1726980862.243954_unusual_weather_phenomena
1726981233.531089,The Science Behind Everyday Objects,Write a script on 3 The Science Behind Everyday Objects for a short video. No need into in scene. don't include coma in image_prompt and search_key,1726981233.531089_the_science_behind_everyday_objects
1726981319.730755,Top Engineering Marvels of the World,Write a script on 3 Top Engineering Marvels of the World for a short video. No need into in scene. don't include coma in image_prompt and search_key,1726981319.730755_top_engineering_marvels_of_the_world
1726981936.303992,Crazy Facts About Human Evolution,Write a script on 3 Crazy Facts About Human Evolution for a short video. No need into in scene. don't include coma in image_prompt and search_key,1726981936.303992_crazy_facts_about_human_evolution
1726982670.852065,Little-Known Facts About Famous People,Write a script on 3 Little-Known Facts About Famous People for a short video. No need into in scene. don't include coma in image_prompt and search_key,1726982670.852065_little-known_facts_about_famous_people
1726982959.08327,The Science of Happiness,Write a script on 3 The Science of Happiness for a short video. No need into in scene. don't include coma in image_prompt and search_key,1726982959.08327_the_science_of_happiness
1726984325.921227,The Science of Happiness,Write a script on 3 The Science of Happiness for a short video. No need into in scene. don't include coma in image_prompt and search_key,1726984325.921227_the_science_of_happiness
1726984717.601982,Surprising Brain Facts,Write a script on 3 Surprising Brain Facts for a short video. No need into in scene. don't include coma in image_prompt and search_key,1726984717.601982_surprising_brain_facts
1726985309.286002,Unusual Phobias You Won't Believe Exist,Write a script on 3 Unusual Phobias You Won't Believe Exist for a short video. No need into in scene. don't include coma in image_prompt and search_key,1726985309.286002_unusual_phobias_you_won't_believe_exist
1726986513.368244,Strange Traditions from Different Cultures,Write a script on 3 Strange Traditions from Different Cultures for a short video. No need into in scene. don't include coma in image_prompt and search_key,1726986513.368244_strange_traditions_from_different_cultures
1726986595.307046,Myths vs. Facts: Common Misconceptions,Write a script on 3 Myths vs. Facts: Common Misconceptions for a short video. No need into in scene. don't include coma in image_prompt and search_key,1726986595.307046_myths_vs_facts_common_misconceptions
1726988196.267452,Weird Laws from Around the World,Write a script on 3 Weird Laws from Around the World for a short video. No need into in scene. don't include coma in image_prompt and search_key,1726988196.267452_weird_laws_from_around_the_world
1726989124.507324,Weird Laws from Around the World,Write a script on 3 Weird Laws from Around the World for a short video. No need into in scene. don't include coma in image_prompt and search_key,1726989124.507324_weird_laws_from_around_the_world
1727003136.773309,Little-Known Facts About Famous People,Write a script on 3 Little-Known Facts About Famous People for a short video. No need into in scene. don't include coma in image_prompt and search_key,1727003136.773309_little-known_facts_about_famous_people
1727003449.533351,Unbelievable Animal Behaviors,Write a script on 3 Unbelievable Animal Behaviors for a short video. No need into in scene. don't include coma in image_prompt and search_key,1727003449.533351_unbelievable_animal_behaviors
1727003705.88108,The World's Most Dangerous Jobs,Write a script on 3 The World's Most Dangerous Jobs for a short video. No need into in scene. don't include coma in image_prompt and search_key,1727003705.88108_the_world's_most_dangerous_jobs
1727003969.806739,Unusual Phobias You Won't Believe Exist,Write a script on 3 Unusual Phobias You Won't Believe Exist for a short video. No need into in scene. don't include coma in image_prompt and search_key,1727003969.806739_unusual_phobias_you_won't_believe_exist
1727235206.909051,Secrets of the Human Genome,Write a script on 3 Secrets of the Human Genome for a short video. No need into in scene. don't include coma in image_prompt and search_key,1727235206.909051_secrets_of_the_human_genome
1727235606.591818,Mind-Boggling Optical Illusions,Write a script on 3 Mind-Boggling Optical Illusions for a short video. No need into in scene. don't include coma in image_prompt and search_key,1727235606.591818_mind-boggling_optical_illusions
1727245232.495014,Surprising Brain Facts,Write a script on 3 Surprising Brain Facts for a short video. No need into in scene. don't include coma in image_prompt and search_key,1727245232.495014_surprising_brain_facts
1727247874.539303,Unsolved Mysteries in Science,Write a script on 3 Unsolved Mysteries in Science for a short video. No need into in scene. don't include coma in image_prompt and search_key,1727247874.539303_unsolved_mysteries_in_science
1727248244.426916,Ancient Civilizations and Their Inventions,Write a script on 3 Ancient Civilizations and Their Inventions for a short video. No need into in scene. don't include coma in image_prompt and search_key,1727248244.426916_ancient_civilizations_and_their_inventions
1727250183.199839,Ancient Civilizations and Their Inventions,Write a script on 3 Ancient Civilizations and Their Inventions for a short video. No need into in scene. don't include coma in image_prompt and search_key,1727250183.199839_ancient_civilizations_and_their_inventions
1727250237.246189,Amazing Facts About Renewable Energy,Write a script on 3 Amazing Facts About Renewable Energy for a short video. No need into in scene. don't include coma in image_prompt and search_key,1727250237.246189_amazing_facts_about_renewable_energy
1727250277.533385,Facts About the Ocean,Write a script on 3 Facts About the Ocean for a short video. No need into in scene. don't include coma in image_prompt and search_key,1727250277.533385_facts_about_the_ocean
1727283544.863548,Rare Diseases You Might Not Have Heard Of,Write a script on 3 Rare Diseases You Might Not Have Heard Of for a short video. No need into in scene. don't include coma in image_prompt and search_key,1727283544.863548_rare_diseases_you_might_not_have_heard_of
1727337479.108991,The World's Most Dangerous Jobs,Write a script on 3 The World's Most Dangerous Jobs for a short video. No need into in scene. don't include coma in image_prompt and search_key,1727337479.108991_the_world's_most_dangerous_jobs
1727338064.038447,Mind-Boggling Optical Illusions,Write a script on 3 Mind-Boggling Optical Illusions for a short video. No need into in scene. don't include coma in image_prompt and search_key,1727338064.038447_mind-boggling_optical_illusions
1727338168.472184,Rare Diseases You Might Not Have Heard Of,Write a script on 3 Rare Diseases You Might Not Have Heard Of for a short video. No need into in scene. don't include coma in image_prompt and search_key,1727338168.472184_rare_diseases_you_might_not_have_heard_of
1727346688.682201,Unusual Phobias You Won't Believe Exist,Write a script on 3 Unusual Phobias You Won't Believe Exist for a short video. No need into in scene. don't include coma in image_prompt and search_key,1727346688.682201_unusual_phobias_you_won't_believe_exist
1727346854.187433,Mind-Blowing Space Facts,Write a script on 3 Mind-Blowing Space Facts for a short video. No need into in scene. don't include coma in image_prompt and search_key,1727346854.187433_mind-blowing_space_facts
1727365831.535658,Unusual Weather Phenomena,Write a script on 3 Unusual Weather Phenomena for a short video. No need into in scene. don't include coma in image_prompt and search_key,1727365831.535658_unusual_weather_phenomena
1727365881.183426,Unbelievable Animal Behaviors,Write a script on 3 Unbelievable Animal Behaviors for a short video. No need into in scene. don't include coma in image_prompt and search_key,1727365881.183426_unbelievable_animal_behaviors
1727366287.642287,Rare Diseases You Might Not Have Heard Of,Write a script on 3 Rare Diseases You Might Not Have Heard Of for a short video. No need into in scene. don't include coma in image_prompt and search_key,1727366287.642287_rare_diseases_you_might_not_have_heard_of
1727369678.609529,The Science Behind Everyday Objects,Write a script on 3 The Science Behind Everyday Objects for a short video. No need into in scene. don't include coma in image_prompt and search_key,1727369678.609529_the_science_behind_everyday_objects
1727404924.744283,Historical Facts That Changed the World,Write a script on 3 Historical Facts That Changed the World for a short video. No need into in scene. don't include coma in image_prompt and search_key,1727404924.744283_historical_facts_that_changed_the_world
1727405075.683169,Little-Known Facts About Famous People,Write a script on 3 Little-Known Facts About Famous People for a short video. No need into in scene. don't include coma in image_prompt and search_key,1727405075.683169_little-known_facts_about_famous_people
1727405116.525821,Secrets of the Human Genome,Write a script on 3 Secrets of the Human Genome for a short video. No need into in scene. don't include coma in image_prompt and search_key,1727405116.525821_secrets_of_the_human_genome
1727405640.719184,Rare Diseases You Might Not Have Heard Of,Write a script on 3 Rare Diseases You Might Not Have Heard Of for a short video. No need into in scene. don't include coma in image_prompt and search_key,1727405640.719184_rare_diseases_you_might_not_have_heard_of
1727406098.59023,Unbelievable Animal Behaviors,Write a script on 3 Unbelievable Animal Behaviors for a short video. No need into in scene. don't include coma in image_prompt and search_key,1727406098.59023_unbelievable_animal_behaviors
1727406494.037558,Facts About the Ocean,Write a script on 3 Facts About the Ocean for a short video. No need into in scene. don't include coma in image_prompt and search_key,1727406494.037558_facts_about_the_ocean
1727406539.460724,Unsolved Mysteries in Science,Write a script on 3 Unsolved Mysteries in Science for a short video. No need into in scene. don't include coma in image_prompt and search_key,1727406539.460724_unsolved_mysteries_in_science
1727407032.61559,Innovative Technology Breakthroughs,Write a script on 3 Innovative Technology Breakthroughs for a short video. No need into in scene. don't include coma in image_prompt and search_key,1727407032.61559_innovative_technology_breakthroughs
1727407337.557389,The Science of Happiness,Write a script on 3 The Science of Happiness for a short video. No need into in scene. don't include coma in image_prompt and search_key,1727407337.557389_the_science_of_happiness
1727439050.742198,Unusual Weather Phenomena,Write a script on 3 Unusual Weather Phenomena for a short video. No need into in scene. don't include coma in image_prompt and search_key,1727439050.742198_unusual_weather_phenomena
1727486567.77307,Facts About the Ocean,Write a script on 3 Facts About the Ocean for a short video. No need into in scene. don't include coma in image_prompt and search_key,1727486567.77307_facts_about_the_ocean
1727486732.646682,Amazing Facts About Renewable Energy,Write a script on 3 Amazing Facts About Renewable Energy for a short video. No need into in scene. don't include coma in image_prompt and search_key,1727486732.646682_amazing_facts_about_renewable_energy
1727487047.478922,Strange Traditions from Different Cultures,Write a script on 3 Strange Traditions from Different Cultures for a short video. No need into in scene. don't include coma in image_prompt and search_key,1727487047.478922_strange_traditions_from_different_cultures
1727487820.045861,Bizarre Inventions That Actually Work,Write a script on 3 Bizarre Inventions That Actually Work for a short video. No need into in scene. don't include coma in image_prompt and search_key,1727487820.045861_bizarre_inventions_that_actually_work
1727488898.458066,Unusual Phobias You Won't Believe Exist,Write a script on 3 Unusual Phobias You Won't Believe Exist for a short video. No need into in scene. don't include coma in image_prompt and search_key,1727488898.458066_unusual_phobias_you_won't_believe_exist
